mean_fit_time,std_fit_time,mean_score_time,std_score_time,param_classifier__C,param_classifier__class_weight,param_classifier__l1_ratio,param_classifier__penalty,param_classifier__solver,param_vectorization,param_vectorization__max_features,params,split0_test_score,split1_test_score,split2_test_score,split3_test_score,split4_test_score,mean_test_score,std_test_score,rank_test_score,split0_train_score,split1_train_score,split2_train_score,split3_train_score,split4_train_score,mean_train_score,std_train_score
0.3334671974182129,0.07551020545519242,0.018755149841308594,0.006248280125341179,0.1,balanced,0.4,elasticnet,saga,CountVectorizer(),1000,"{'classifier__C': 0.1, 'classifier__class_weight': 'balanced', 'classifier__l1_ratio': 0.4, 'classifier__penalty': 'elasticnet', 'classifier__solver': 'saga', 'vectorization': CountVectorizer(), 'vectorization__max_features': 1000}",0.8872357086922474,0.8958496476115897,0.8644200626959248,0.8918495297805643,0.8730407523510971,0.8824791402262846,0.011869398119878517,31,0.8887365328109696,0.8887365328109696,0.8983548766157462,0.8836662749706228,0.8926752839796318,0.890433900237588,0.004885253974531817
0.2696784019470215,0.04015200817918835,0.015625572204589842,3.6954110660548326e-06,0.1,balanced,0.4,elasticnet,saga,CountVectorizer(),1500,"{'classifier__C': 0.1, 'classifier__class_weight': 'balanced', 'classifier__l1_ratio': 0.4, 'classifier__penalty': 'elasticnet', 'classifier__solver': 'saga', 'vectorization': CountVectorizer(), 'vectorization__max_features': 1500}",0.8872357086922474,0.8958496476115897,0.8644200626959248,0.8918495297805643,0.8730407523510971,0.8824791402262846,0.011869398119878517,31,0.8889324191968658,0.8885406464250735,0.8983548766157462,0.8836662749706228,0.8926752839796318,0.890433900237588,0.004886824632228039
0.294644832611084,0.05012794869212919,0.015636348724365236,1.619394029596275e-05,0.1,balanced,0.4,elasticnet,saga,CountVectorizer(),2000,"{'classifier__C': 0.1, 'classifier__class_weight': 'balanced', 'classifier__l1_ratio': 0.4, 'classifier__penalty': 'elasticnet', 'classifier__solver': 'saga', 'vectorization': CountVectorizer(), 'vectorization__max_features': 2000}",0.8872357086922474,0.8958496476115897,0.8644200626959248,0.8918495297805643,0.8730407523510971,0.8824791402262846,0.011869398119878517,31,0.8887365328109696,0.8887365328109696,0.8981590285938112,0.8836662749706228,0.8926752839796318,0.890394730633201,0.0048219622981860765
0.39933505058288576,0.12819742257420874,0.029581308364868164,0.007233065420162925,0.1,balanced,0.4,elasticnet,saga,CountVectorizer(),5000,"{'classifier__C': 0.1, 'classifier__class_weight': 'balanced', 'classifier__l1_ratio': 0.4, 'classifier__penalty': 'elasticnet', 'classifier__solver': 'saga', 'vectorization': CountVectorizer(), 'vectorization__max_features': 5000}",0.8872357086922474,0.8958496476115897,0.8644200626959248,0.8918495297805643,0.8730407523510971,0.8824791402262846,0.011869398119878517,31,0.8887365328109696,0.8887365328109696,0.8983548766157462,0.8836662749706228,0.8926752839796318,0.890433900237588,0.004885253974531817
0.2758458614349365,0.03562537478381285,0.029532909393310547,0.007615872458111583,0.1,balanced,0.4,elasticnet,saga,TfidfVectorizer(),1000,"{'classifier__C': 0.1, 'classifier__class_weight': 'balanced', 'classifier__l1_ratio': 0.4, 'classifier__penalty': 'elasticnet', 'classifier__solver': 'saga', 'vectorization': TfidfVectorizer(), 'vectorization__max_features': 1000}",0.8402505873140172,0.7768206734534064,0.7766457680250783,0.7876175548589341,0.8409090909090909,0.8044487349121054,0.029768216488410052,61,0.8571988246816846,0.7774730656219393,0.7933803368585978,0.7824128476302389,0.8507638072855465,0.8122457764156014,0.03452380371871553
0.20738468170166016,0.027954327235527102,0.019682788848876955,0.010614645400614454,0.1,balanced,0.4,elasticnet,saga,TfidfVectorizer(),1500,"{'classifier__C': 0.1, 'classifier__class_weight': 'balanced', 'classifier__l1_ratio': 0.4, 'classifier__penalty': 'elasticnet', 'classifier__solver': 'saga', 'vectorization': TfidfVectorizer(), 'vectorization__max_features': 1500}",0.7791699295223179,0.7760375880971025,0.7648902821316614,0.7821316614420063,0.7695924764890282,0.7743643875364232,0.0063048106408296395,64,0.783741429970617,0.7706170421155729,0.7835879357618488,0.7798668233450842,0.77262044653349,0.7780867355453226,0.005496983189640493
0.17705707550048827,0.019203756787562518,0.019911575317382812,0.0060089347820212555,0.1,balanced,0.4,elasticnet,saga,TfidfVectorizer(),2000,"{'classifier__C': 0.1, 'classifier__class_weight': 'balanced', 'classifier__l1_ratio': 0.4, 'classifier__penalty': 'elasticnet', 'classifier__solver': 'saga', 'vectorization': TfidfVectorizer(), 'vectorization__max_features': 2000}",0.7697729052466719,0.7744714173844949,0.7609717868338558,0.7735109717868338,0.768025078369906,0.7693504319243525,0.004809809213163151,65,0.7723800195886386,0.7723800195886386,0.7784958871915394,0.7716412064238152,0.7706619663141402,0.7731118198213544,0.002764913401165697
0.19032607078552247,0.014234309677118072,0.017264509201049806,0.002540510021754065,0.1,balanced,0.4,elasticnet,saga,TfidfVectorizer(),5000,"{'classifier__C': 0.1, 'classifier__class_weight': 'balanced', 'classifier__l1_ratio': 0.4, 'classifier__penalty': 'elasticnet', 'classifier__solver': 'saga', 'vectorization': TfidfVectorizer(), 'vectorization__max_features': 5000}",0.7682067345340642,0.7713390759592795,0.762539184952978,0.774294670846395,0.7656739811912225,0.7684107294967879,0.004128012097191068,66,0.7725759059745347,0.7678746327130265,0.7771249510379945,0.7720329024676851,0.7708578143360753,0.7720932413058632,0.00299591879207153
0.2133946418762207,0.022338693306862917,0.017613697052001952,0.0027884292652442673,0.1,balanced,0.5,elasticnet,saga,CountVectorizer(),1000,"{'classifier__C': 0.1, 'classifier__class_weight': 'balanced', 'classifier__l1_ratio': 0.5, 'classifier__penalty': 'elasticnet', 'classifier__solver': 'saga', 'vectorization': CountVectorizer(), 'vectorization__max_features': 1000}",0.8817541111981206,0.8966327329678935,0.8628526645768025,0.8910658307210031,0.8738244514106583,0.8812259581748956,0.0120567903430765,39,0.8859941234084231,0.8871694417238002,0.8971797884841363,0.8820994907951429,0.8901292596944771,0.888514420821196,0.005040009848819924
0.23621225357055664,0.0336020275216658,0.020453834533691408,0.0070028975362893126,0.1,balanced,0.5,elasticnet,saga,CountVectorizer(),1500,"{'classifier__C': 0.1, 'classifier__class_weight': 'balanced', 'classifier__l1_ratio': 0.5, 'classifier__penalty': 'elasticnet', 'classifier__solver': 'saga', 'vectorization': CountVectorizer(), 'vectorization__max_features': 1500}",0.8817541111981206,0.8966327329678935,0.8628526645768025,0.8910658307210031,0.8746081504702194,0.8813826979868079,0.011964290254556208,37,0.8859941234084231,0.8871694417238002,0.8969839404622013,0.8820994907951429,0.890325107716412,0.8885144208211958,0.004986452547499083
0.23975486755371095,0.029627464644833845,0.020084428787231445,0.003689676426299615,0.1,balanced,0.5,elasticnet,saga,CountVectorizer(),2000,"{'classifier__C': 0.1, 'classifier__class_weight': 'balanced', 'classifier__l1_ratio': 0.5, 'classifier__penalty': 'elasticnet', 'classifier__solver': 'saga', 'vectorization': CountVectorizer(), 'vectorization__max_features': 2000}",0.8817541111981206,0.8966327329678935,0.8628526645768025,0.8910658307210031,0.8738244514106583,0.8812259581748956,0.0120567903430765,39,0.8859941234084231,0.8873653281096964,0.8969839404622013,0.8820994907951429,0.8901292596944771,0.8885144284939882,0.00496314633842986
0.3077890872955322,0.07190550848491879,0.025790882110595704,0.009989442535742332,0.1,balanced,0.5,elasticnet,saga,CountVectorizer(),5000,"{'classifier__C': 0.1, 'classifier__class_weight': 'balanced', 'classifier__l1_ratio': 0.5, 'classifier__penalty': 'elasticnet', 'classifier__solver': 'saga', 'vectorization': CountVectorizer(), 'vectorization__max_features': 5000}",0.8817541111981206,0.8966327329678935,0.8628526645768025,0.8910658307210031,0.8746081504702194,0.8813826979868079,0.011964290254556208,37,0.8859941234084231,0.8873653281096964,0.8969839404622013,0.8820994907951429,0.890325107716412,0.8885535980983752,0.004976491053629144
0.18085064888000488,0.02690752149814892,0.017033481597900392,0.002782917693489595,0.1,balanced,0.5,elasticnet,saga,TfidfVectorizer(),1000,"{'classifier__C': 0.1, 'classifier__class_weight': 'balanced', 'classifier__l1_ratio': 0.5, 'classifier__penalty': 'elasticnet', 'classifier__solver': 'saga', 'vectorization': TfidfVectorizer(), 'vectorization__max_features': 1000}",0.8418167580266249,0.7564604541895067,0.7531347962382445,0.7789968652037618,0.8401253918495298,0.7941068531015335,0.03928921853482186,62,0.8548481880509304,0.7604309500489715,0.7775166470818645,0.7757540148844496,0.8499804151978065,0.8037060430528046,0.040241199104800694
0.16124410629272462,0.011965375450505203,0.016748857498168946,0.002218415290995622,0.1,balanced,0.5,elasticnet,saga,TfidfVectorizer(),1500,"{'classifier__C': 0.1, 'classifier__class_weight': 'balanced', 'classifier__l1_ratio': 0.5, 'classifier__penalty': 'elasticnet', 'classifier__solver': 'saga', 'vectorization': TfidfVectorizer(), 'vectorization__max_features': 1500}",0.7572435395458105,0.754894283476899,0.7437304075235109,0.7727272727272727,0.7594043887147336,0.7575999783976454,0.009294124598040182,67,0.7649363369245837,0.7555337904015671,0.7720329024676851,0.7679200940070505,0.7618488053270662,0.7644543858255904,0.005586472894568835
0.18106598854064943,0.024281593956020774,0.016499900817871095,0.00171956259783096,0.1,balanced,0.5,elasticnet,saga,TfidfVectorizer(),2000,"{'classifier__C': 0.1, 'classifier__class_weight': 'balanced', 'classifier__l1_ratio': 0.5, 'classifier__penalty': 'elasticnet', 'classifier__solver': 'saga', 'vectorization': TfidfVectorizer(), 'vectorization__max_features': 2000}",0.759592795614722,0.759592795614722,0.7413793103448276,0.7609717868338558,0.7578369905956113,0.7558747358007478,0.007315677273127772,68,0.7643486777668952,0.7561214495592556,0.7643948296122209,0.7600861731296514,0.763219741480611,0.7616341743097268,0.0031714416847713244
0.1728214740753174,0.022682809511698848,0.021661901473999025,0.005792485770390552,0.1,balanced,0.5,elasticnet,saga,TfidfVectorizer(),5000,"{'classifier__C': 0.1, 'classifier__class_weight': 'balanced', 'classifier__l1_ratio': 0.5, 'classifier__penalty': 'elasticnet', 'classifier__solver': 'saga', 'vectorization': TfidfVectorizer(), 'vectorization__max_features': 5000}",0.7556773688332028,0.7588097102584181,0.7390282131661442,0.7633228840125392,0.7570532915360502,0.7547782935612709,0.008286269741551347,69,0.7602350636630754,0.7553379040156709,0.7622405013709361,0.7593027810419115,0.7614571092831962,0.759714671874958,0.002408836288748457
0.20677785873413085,0.020709516254587564,0.01563296318054199,1.7538664446306366e-05,0.1,balanced,0.6,elasticnet,saga,CountVectorizer(),1000,"{'classifier__C': 0.1, 'classifier__class_weight': 'balanced', 'classifier__l1_ratio': 0.6, 'classifier__penalty': 'elasticnet', 'classifier__solver': 'saga', 'vectorization': CountVectorizer(), 'vectorization__max_features': 1000}",0.8817541111981206,0.8966327329678935,0.8612852664576802,0.8847962382445141,0.8746081504702194,0.8798152998676855,0.011677939335278307,45,0.8879529872673849,0.884818805093046,0.8958088523305915,0.8803368585977281,0.8867998433215825,0.8871434693220666,0.005051658621617263
0.23285932540893556,0.03920301536509172,0.0164487361907959,0.0016418106905623359,0.1,balanced,0.6,elasticnet,saga,CountVectorizer(),1500,"{'classifier__C': 0.1, 'classifier__class_weight': 'balanced', 'classifier__l1_ratio': 0.6, 'classifier__penalty': 'elasticnet', 'classifier__solver': 'saga', 'vectorization': CountVectorizer(), 'vectorization__max_features': 1500}",0.8825371965544244,0.8966327329678935,0.8612852664576802,0.8847962382445141,0.8746081504702194,0.8799719169389462,0.011708103375486629,43,0.8879529872673849,0.884818805093046,0.8958088523305915,0.8803368585977281,0.8867998433215825,0.8871434693220666,0.005051658621617263
0.22842855453491212,0.032107521084322715,0.017697525024414063,0.0026940286769233162,0.1,balanced,0.6,elasticnet,saga,CountVectorizer(),2000,"{'classifier__C': 0.1, 'classifier__class_weight': 'balanced', 'classifier__l1_ratio': 0.6, 'classifier__penalty': 'elasticnet', 'classifier__solver': 'saga', 'vectorization': CountVectorizer(), 'vectorization__max_features': 2000}",0.8817541111981206,0.8966327329678935,0.8612852664576802,0.8847962382445141,0.8746081504702194,0.8798152998676855,0.011677939335278307,45,0.8879529872673849,0.8850146914789422,0.8958088523305915,0.8803368585977281,0.8867998433215825,0.887182646599246,0.00503420760754369
0.22271208763122557,0.04097609222627144,0.01923527717590332,0.00533169859528427,0.1,balanced,0.6,elasticnet,saga,CountVectorizer(),5000,"{'classifier__C': 0.1, 'classifier__class_weight': 'balanced', 'classifier__l1_ratio': 0.6, 'classifier__penalty': 'elasticnet', 'classifier__solver': 'saga', 'vectorization': CountVectorizer(), 'vectorization__max_features': 5000}",0.8817541111981206,0.8966327329678935,0.8612852664576802,0.8847962382445141,0.8746081504702194,0.8798152998676855,0.011677939335278307,45,0.8879529872673849,0.884818805093046,0.8958088523305915,0.8803368585977281,0.8867998433215825,0.8871434693220666,0.005051658621617263
0.13961148262023926,0.00587280252055216,0.01218428611755371,0.00596467088206621,0.1,balanced,0.6,elasticnet,saga,TfidfVectorizer(),1000,"{'classifier__C': 0.1, 'classifier__class_weight': 'balanced', 'classifier__l1_ratio': 0.6, 'classifier__penalty': 'elasticnet', 'classifier__solver': 'saga', 'vectorization': TfidfVectorizer(), 'vectorization__max_features': 1000}",0.8347689898198903,0.7423649177760376,0.7366771159874608,0.7664576802507836,0.835423197492163,0.7831383802652672,0.043586218074198206,63,0.8507345739471107,0.7459353574926543,0.7645906776341559,0.7618488053270662,0.8429298864081473,0.7932078601618268,0.044313938343442764
0.14827489852905273,0.024941007761152063,0.025949668884277344,0.011854647891355813,0.1,balanced,0.6,elasticnet,saga,TfidfVectorizer(),1500,"{'classifier__C': 0.1, 'classifier__class_weight': 'balanced', 'classifier__l1_ratio': 0.6, 'classifier__penalty': 'elasticnet', 'classifier__solver': 'saga', 'vectorization': TfidfVectorizer(), 'vectorization__max_features': 1500}",0.7486296006264683,0.7431480031323414,0.7398119122257053,0.7586206896551724,0.7476489028213166,0.7475718216922009,0.006371635372746754,70,0.7498530852105779,0.7449559255631734,0.7669408538973757,0.7500979240109675,0.7538190364277321,0.7531333650219653,0.007456025056230927
0.1560664653778076,0.018317866560707174,0.015865373611450195,0.0016263806051656324,0.1,balanced,0.6,elasticnet,saga,TfidfVectorizer(),2000,"{'classifier__C': 0.1, 'classifier__class_weight': 'balanced', 'classifier__l1_ratio': 0.6, 'classifier__penalty': 'elasticnet', 'classifier__solver': 'saga', 'vectorization': TfidfVectorizer(), 'vectorization__max_features': 2000}",0.7478465152701644,0.7478465152701644,0.7351097178683386,0.7523510971786834,0.7492163009404389,0.7464740293055578,0.00591565702847951,71,0.7484818805093046,0.7469147894221352,0.7628280454367411,0.7473560517038778,0.7487269878574226,0.7508615509858962,0.00602132265911926
0.21808409690856934,0.04631734830735182,0.030321502685546876,0.007635530225751633,0.1,balanced,0.6,elasticnet,saga,TfidfVectorizer(),5000,"{'classifier__C': 0.1, 'classifier__class_weight': 'balanced', 'classifier__l1_ratio': 0.6, 'classifier__penalty': 'elasticnet', 'classifier__solver': 'saga', 'vectorization': TfidfVectorizer(), 'vectorization__max_features': 5000}",0.7478465152701644,0.750195771339076,0.7335423197492164,0.7531347962382445,0.7421630094043887,0.745376482400218,0.006926642133233319,72,0.7461312438785505,0.7463271302644466,0.7600861731296514,0.7471602036819428,0.7442224833529182,0.748785446861502,0.005731606747275681
1.5027934551239013,0.06265212406696703,0.019438886642456056,0.004475331516222781,1,balanced,0.4,elasticnet,saga,CountVectorizer(),1000,"{'classifier__C': 1, 'classifier__class_weight': 'balanced', 'classifier__l1_ratio': 0.4, 'classifier__penalty': 'elasticnet', 'classifier__solver': 'saga', 'vectorization': CountVectorizer(), 'vectorization__max_features': 1000}",0.9115113547376664,0.8997650743931088,0.8769592476489029,0.8855799373040752,0.8918495297805643,0.8931330287728635,0.011849343025015896,15,0.9159647404505387,0.9257590597453477,0.9283196239717979,0.917939678809244,0.9296905601253427,0.9235347326204542,0.00555601362985302
1.7483114719390869,0.19358825737400953,0.022290611267089845,0.00818023776590007,1,balanced,0.4,elasticnet,saga,CountVectorizer(),1500,"{'classifier__C': 1, 'classifier__class_weight': 'balanced', 'classifier__l1_ratio': 0.4, 'classifier__penalty': 'elasticnet', 'classifier__solver': 'saga', 'vectorization': CountVectorizer(), 'vectorization__max_features': 1500}",0.9122944400939702,0.9028974158183242,0.8816614420062696,0.8847962382445141,0.8934169278996865,0.8950132928125528,0.011366670153274692,12,0.9210577864838394,0.9300685602350637,0.9328241284763024,0.9230317273795534,0.9336075205640423,0.9281179446277603,0.005134276006158409
2.149668502807617,0.10994132486099105,0.01736283302307129,0.0019289595056243738,1,balanced,0.4,elasticnet,saga,CountVectorizer(),2000,"{'classifier__C': 1, 'classifier__class_weight': 'balanced', 'classifier__l1_ratio': 0.4, 'classifier__penalty': 'elasticnet', 'classifier__solver': 'saga', 'vectorization': CountVectorizer(), 'vectorization__max_features': 2000}",0.9138606108065779,0.9028974158183242,0.8871473354231975,0.8871473354231975,0.8942006269592476,0.8970506648861087,0.010208166959831125,3,0.9247796278158668,0.932615083251714,0.935957696827262,0.9242068155111633,0.9355660007833921,0.9306250448378798,0.00514145978561449
2.0199071407318114,0.1506088688626547,0.017813873291015626,0.004921535421736751,1,balanced,0.4,elasticnet,saga,CountVectorizer(),5000,"{'classifier__C': 1, 'classifier__class_weight': 'balanced', 'classifier__l1_ratio': 0.4, 'classifier__penalty': 'elasticnet', 'classifier__solver': 'saga', 'vectorization': CountVectorizer(), 'vectorization__max_features': 5000}",0.9138606108065779,0.9028974158183242,0.8871473354231975,0.890282131661442,0.8942006269592476,0.8976776241337578,0.009662350453904336,1,0.9257590597453477,0.933594515181195,0.9371327849588719,0.927144535840188,0.9379161770466118,0.9323094145544429,0.005018670971099667
0.6532079219818115,0.039217027482919393,0.022871112823486327,0.00642721136904771,1,balanced,0.4,elasticnet,saga,TfidfVectorizer(),1000,"{'classifier__C': 1, 'classifier__class_weight': 'balanced', 'classifier__l1_ratio': 0.4, 'classifier__penalty': 'elasticnet', 'classifier__solver': 'saga', 'vectorization': TfidfVectorizer(), 'vectorization__max_features': 1000}",0.8856695379796398,0.8888018794048551,0.8667711598746082,0.8746081504702194,0.8699059561128527,0.8771513367684352,0.008660326845292467,57,0.8987267384916748,0.9032321253672869,0.9095182138660399,0.8969839404622013,0.9048178613396005,0.9026557759053606,0.004465577212047917
1.0502546310424805,0.6665756565683657,0.021737337112426758,0.006135109319151432,1,balanced,0.4,elasticnet,saga,TfidfVectorizer(),1500,"{'classifier__C': 1, 'classifier__class_weight': 'balanced', 'classifier__l1_ratio': 0.4, 'classifier__penalty': 'elasticnet', 'classifier__solver': 'saga', 'vectorization': TfidfVectorizer(), 'vectorization__max_features': 1500}",0.8872357086922474,0.8911511354737667,0.8746081504702194,0.877742946708464,0.8706896551724138,0.8802855193034222,0.007709014826700208,42,0.9000979431929481,0.9091087169441724,0.9140227183705445,0.900705052878966,0.9077555816686251,0.9063380026110511,0.005280335383857662
0.7195969104766846,0.06083032898526679,0.021258783340454102,0.0065234316849893444,1,balanced,0.4,elasticnet,saga,TfidfVectorizer(),2000,"{'classifier__C': 1, 'classifier__class_weight': 'balanced', 'classifier__l1_ratio': 0.4, 'classifier__penalty': 'elasticnet', 'classifier__solver': 'saga', 'vectorization': TfidfVectorizer(), 'vectorization__max_features': 2000}",0.8872357086922474,0.889584964761159,0.8738244514106583,0.8769592476489029,0.8714733542319749,0.8798155453489885,0.007268344728392134,44,0.9028403525954947,0.9118511263467189,0.9155895025460243,0.9036427732079906,0.9103016059537798,0.9088450721300017,0.004894195850847676
0.784440279006958,0.053513896388608054,0.0176638126373291,0.0032565628493421927,1,balanced,0.4,elasticnet,saga,TfidfVectorizer(),5000,"{'classifier__C': 1, 'classifier__class_weight': 'balanced', 'classifier__l1_ratio': 0.4, 'classifier__penalty': 'elasticnet', 'classifier__solver': 'saga', 'vectorization': TfidfVectorizer(), 'vectorization__max_features': 5000}",0.8880187940485513,0.8888018794048551,0.8730407523510971,0.8785266457680251,0.8683385579937304,0.879345325913252,0.00807740401922084,48,0.9034280117531831,0.9138099902056807,0.9171562867215041,0.9059929494712103,0.9128476302389346,0.9106469736781027,0.005118438663132297
1.1147868156433105,0.04435062176396079,0.016122150421142577,0.007227112885962943,1,balanced,0.5,elasticnet,saga,CountVectorizer(),1000,"{'classifier__C': 1, 'classifier__class_weight': 'balanced', 'classifier__l1_ratio': 0.5, 'classifier__penalty': 'elasticnet', 'classifier__solver': 'saga', 'vectorization': CountVectorizer(), 'vectorization__max_features': 1000}",0.9091620986687549,0.9021143304620204,0.8761755485893417,0.8832288401253918,0.8910658307210031,0.8923493297133023,0.012036995766420259,19,0.9132223310479922,0.9243878550440744,0.926361143752448,0.9173521347434391,0.9287113200156678,0.9220069569207243,0.005803673398360536
1.3519115924835206,0.15891519857982195,0.017975759506225587,0.007936365040931445,1,balanced,0.5,elasticnet,saga,CountVectorizer(),1500,"{'classifier__C': 1, 'classifier__class_weight': 'balanced', 'classifier__l1_ratio': 0.5, 'classifier__penalty': 'elasticnet', 'classifier__solver': 'saga', 'vectorization': CountVectorizer(), 'vectorization__max_features': 1500}",0.9115113547376664,0.9036805011746281,0.8808777429467085,0.8832288401253918,0.8934169278996865,0.8945430733768163,0.011725497793855287,14,0.9189030362389814,0.928305582761998,0.9310614962788876,0.9220524872698785,0.9336075205640423,0.9267860246227576,0.005507620237956096
1.4496387481689452,0.14653985700660066,0.016816329956054688,0.010158561164369046,1,balanced,0.5,elasticnet,saga,CountVectorizer(),2000,"{'classifier__C': 1, 'classifier__class_weight': 'balanced', 'classifier__l1_ratio': 0.5, 'classifier__penalty': 'elasticnet', 'classifier__solver': 'saga', 'vectorization': CountVectorizer(), 'vectorization__max_features': 2000}",0.9122944400939702,0.9052466718872357,0.8863636363636364,0.8847962382445141,0.8934169278996865,0.8964235828978084,0.010725377845940317,6,0.922820763956905,0.9308521057786484,0.9338033685859772,0.9232275754014885,0.935957696827262,0.9293323021100562,0.005401183408998322
1.5426749229431151,0.07211702587415784,0.01724872589111328,0.002553503366537443,1,balanced,0.5,elasticnet,saga,CountVectorizer(),5000,"{'classifier__C': 1, 'classifier__class_weight': 'balanced', 'classifier__l1_ratio': 0.5, 'classifier__penalty': 'elasticnet', 'classifier__solver': 'saga', 'vectorization': CountVectorizer(), 'vectorization__max_features': 5000}",0.9122944400939702,0.9060297572435395,0.8847962382445141,0.8871473354231975,0.8949843260188087,0.8970504194048059,0.010634974799495135,4,0.9249755142017629,0.9322233104799217,0.9357618488053271,0.9257735996866432,0.9371327849588719,0.9311734116265054,0.005004839164936798
0.5053497791290283,0.022451109442422266,0.015103721618652343,0.005252667219020776,1,balanced,0.5,elasticnet,saga,TfidfVectorizer(),1000,"{'classifier__C': 1, 'classifier__class_weight': 'balanced', 'classifier__l1_ratio': 0.5, 'classifier__penalty': 'elasticnet', 'classifier__solver': 'saga', 'vectorization': TfidfVectorizer(), 'vectorization__max_features': 1000}",0.884886452623336,0.8903680501174628,0.8659874608150471,0.8753918495297806,0.8699059561128527,0.8773079538396958,0.009106199503568604,56,0.8977473065621939,0.9040156709108716,0.9089306698002351,0.8965922444183314,0.9028593811202507,0.9020290545623766,0.004475726758409634
0.6703898429870605,0.07769409732258883,0.018752336502075195,0.006247165662142297,1,balanced,0.5,elasticnet,saga,TfidfVectorizer(),1500,"{'classifier__C': 1, 'classifier__class_weight': 'balanced', 'classifier__l1_ratio': 0.5, 'classifier__penalty': 'elasticnet', 'classifier__solver': 'saga', 'vectorization': TfidfVectorizer(), 'vectorization__max_features': 1500}",0.884886452623336,0.8919342208300705,0.8706896551724138,0.877742946708464,0.8699059561128527,0.8790318462894275,0.008429507344911293,52,0.8995102840352596,0.9091087169441724,0.9134351743047395,0.9010967489228359,0.9065804935370153,0.9059462835488045,0.005126924377644611
0.6922417163848877,0.07238748720407248,0.018752622604370116,0.006249408029157983,1,balanced,0.5,elasticnet,saga,TfidfVectorizer(),2000,"{'classifier__C': 1, 'classifier__class_weight': 'balanced', 'classifier__l1_ratio': 0.5, 'classifier__penalty': 'elasticnet', 'classifier__solver': 'saga', 'vectorization': TfidfVectorizer(), 'vectorization__max_features': 2000}",0.8872357086922474,0.889584964761159,0.8730407523510971,0.8769592476489029,0.8699059561128527,0.879345325913252,0.007767252585664325,48,0.9014691478942214,0.9116552399608228,0.9140227183705445,0.9034469251860556,0.90912651782217,0.9079441098467628,0.004780582790592368
0.7338969707489014,0.07495326376816494,0.01875905990600586,0.006251193950638572,1,balanced,0.5,elasticnet,saga,TfidfVectorizer(),5000,"{'classifier__C': 1, 'classifier__class_weight': 'balanced', 'classifier__l1_ratio': 0.5, 'classifier__penalty': 'elasticnet', 'classifier__solver': 'saga', 'vectorization': TfidfVectorizer(), 'vectorization__max_features': 5000}",0.8841033672670321,0.8903680501174628,0.872257053291536,0.877742946708464,0.8706896551724138,0.8790322145113818,0.007367239326993221,51,0.9036238981390793,0.9132223310479922,0.9159811985898942,0.9061887974931453,0.9110849980415198,0.910020244662326,0.004527985533590803
1.1310360908508301,0.10726744542263762,0.01974520683288574,0.006069840185724187,1,balanced,0.6,elasticnet,saga,CountVectorizer(),1000,"{'classifier__C': 1, 'classifier__class_weight': 'balanced', 'classifier__l1_ratio': 0.6, 'classifier__penalty': 'elasticnet', 'classifier__solver': 'saga', 'vectorization': CountVectorizer(), 'vectorization__max_features': 1000}",0.9075959279561472,0.9028974158183242,0.8730407523510971,0.8800940438871473,0.890282131661442,0.8907820543348315,0.013105156360124102,21,0.9124387855044075,0.9234084231145936,0.9261652957305131,0.9159811985898942,0.9287113200156678,0.9213410045910152,0.006161924680564668
1.694112205505371,1.04674255738441,0.015628528594970704,1.1523685235455942e-05,1,balanced,0.6,elasticnet,saga,CountVectorizer(),1500,"{'classifier__C': 1, 'classifier__class_weight': 'balanced', 'classifier__l1_ratio': 0.6, 'classifier__penalty': 'elasticnet', 'classifier__solver': 'saga', 'vectorization': CountVectorizer(), 'vectorization__max_features': 1500}",0.9083790133124511,0.9036805011746281,0.8785266457680251,0.8816614420062696,0.8926332288401254,0.8929761662203,0.01173677738346974,16,0.918511263467189,0.9269343780607248,0.9310614962788876,0.9204857030943987,0.9332158245201724,0.9260417330842745,0.005745256607269057
1.1037468433380127,0.03597140277900474,0.01357731819152832,0.005981350616391543,1,balanced,0.6,elasticnet,saga,CountVectorizer(),2000,"{'classifier__C': 1, 'classifier__class_weight': 'balanced', 'classifier__l1_ratio': 0.6, 'classifier__penalty': 'elasticnet', 'classifier__solver': 'saga', 'vectorization': CountVectorizer(), 'vectorization__max_features': 2000}",0.9099451840250588,0.9060297572435395,0.8832288401253918,0.8824451410658307,0.8926332288401254,0.8948564302599893,0.011372750787885397,13,0.9218413320274241,0.9288932419196866,0.9332158245201724,0.9220524872698785,0.9347826086956522,0.9281570988865628,0.005425590951062311
1.2294878482818603,0.04507974704904411,0.015625429153442384,4.0387853961676974e-06,1,balanced,0.6,elasticnet,saga,CountVectorizer(),5000,"{'classifier__C': 1, 'classifier__class_weight': 'balanced', 'classifier__l1_ratio': 0.6, 'classifier__penalty': 'elasticnet', 'classifier__solver': 'saga', 'vectorization': CountVectorizer(), 'vectorization__max_features': 5000}",0.9083790133124511,0.9068128425998434,0.8840125391849529,0.8847962382445141,0.8926332288401254,0.8953267724363773,0.01047329939632839,9,0.9238001958863858,0.930460333006856,0.9345867606737172,0.9242068155111633,0.935957696827262,0.9298023603810769,0.005070457216361692
0.4843393325805664,0.03499757386626746,0.01582484245300293,0.008173913335041355,1,balanced,0.6,elasticnet,saga,TfidfVectorizer(),1000,"{'classifier__C': 1, 'classifier__class_weight': 'balanced', 'classifier__l1_ratio': 0.6, 'classifier__penalty': 'elasticnet', 'classifier__solver': 'saga', 'vectorization': TfidfVectorizer(), 'vectorization__max_features': 1000}",0.8825371965544244,0.8911511354737667,0.8675548589341693,0.8769592476489029,0.8699059561128527,0.8776216789448232,0.008585109976085088,55,0.8985308521057787,0.9034280117531831,0.9079514296905601,0.8965922444183314,0.9018801410105758,0.9016765357956859,0.003955471177797662
0.658807897567749,0.13239386352517843,0.02532620429992676,0.006637447902370225,1,balanced,0.6,elasticnet,saga,TfidfVectorizer(),1500,"{'classifier__C': 1, 'classifier__class_weight': 'balanced', 'classifier__l1_ratio': 0.6, 'classifier__penalty': 'elasticnet', 'classifier__solver': 'saga', 'vectorization': TfidfVectorizer(), 'vectorization__max_features': 1500}",0.8833202819107283,0.8919342208300705,0.8699059561128527,0.8785266457680251,0.8683385579937304,0.8784051325230813,0.008726758983689844,54,0.898922624877571,0.9079333986287953,0.9122600861731297,0.900313356835096,0.9063846455150802,0.9051628224059345,0.004939584573901094
0.8211225032806396,0.12535021395902715,0.023914194107055663,0.005165874223421639,1,balanced,0.6,elasticnet,saga,TfidfVectorizer(),2000,"{'classifier__C': 1, 'classifier__class_weight': 'balanced', 'classifier__l1_ratio': 0.6, 'classifier__penalty': 'elasticnet', 'classifier__solver': 'saga', 'vectorization': TfidfVectorizer(), 'vectorization__max_features': 2000}",0.8841033672670321,0.8903680501174628,0.8730407523510971,0.8769592476489029,0.8714733542319749,0.879188954323294,0.007091207252234214,50,0.9006856023506367,0.9102840352595495,0.9128476302389346,0.9024676850763808,0.9081472777124951,0.9068864461275993,0.004618331668001233
0.8696982860565186,0.08019797797644634,0.027048254013061525,0.00680835701625692,1,balanced,0.6,elasticnet,saga,TfidfVectorizer(),5000,"{'classifier__C': 1, 'classifier__class_weight': 'balanced', 'classifier__l1_ratio': 0.6, 'classifier__penalty': 'elasticnet', 'classifier__solver': 'saga', 'vectorization': TfidfVectorizer(), 'vectorization__max_features': 5000}",0.8841033672670321,0.8911511354737667,0.8699059561128527,0.877742946708464,0.8706896551724138,0.8787186121469059,0.008082601109756834,53,0.9024485798237023,0.9118511263467189,0.9140227183705445,0.9030552291421856,0.9101057579318449,0.9082966823229993,0.004698243288358088
2.535084295272827,0.1300396646722601,0.01750912666320801,0.0019996382507586406,10,balanced,0.4,elasticnet,saga,CountVectorizer(),1000,"{'classifier__C': 10, 'classifier__class_weight': 'balanced', 'classifier__l1_ratio': 0.4, 'classifier__penalty': 'elasticnet', 'classifier__solver': 'saga', 'vectorization': CountVectorizer(), 'vectorization__max_features': 1000}",0.8997650743931088,0.9005481597494127,0.8761755485893417,0.8871473354231975,0.8894984326018809,0.8906269101513884,0.00899066173494215,22,0.9275220372184133,0.9316356513222331,0.9396788092440266,0.9277320799059929,0.9381120250685469,0.9329361205518426,0.005105671277469368
3.90515079498291,1.2221726201821916,0.02807612419128418,0.010978883158903862,10,balanced,0.4,elasticnet,saga,CountVectorizer(),1500,"{'classifier__C': 10, 'classifier__class_weight': 'balanced', 'classifier__l1_ratio': 0.4, 'classifier__penalty': 'elasticnet', 'classifier__solver': 'saga', 'vectorization': CountVectorizer(), 'vectorization__max_features': 1500}",0.9013312451057165,0.9013312451057165,0.8824451410658307,0.8863636363636364,0.890282131661442,0.8923506798604685,0.0077400824872225025,17,0.9363369245837414,0.9377081292850147,0.945162553858206,0.9353701527614571,0.9449667058362711,0.9399088932649381,0.004275158601706087
4.322328042984009,0.21941548691021276,0.029648256301879884,0.007497349876476301,10,balanced,0.4,elasticnet,saga,CountVectorizer(),2000,"{'classifier__C': 10, 'classifier__class_weight': 'balanced', 'classifier__l1_ratio': 0.4, 'classifier__penalty': 'elasticnet', 'classifier__solver': 'saga', 'vectorization': CountVectorizer(), 'vectorization__max_features': 2000}",0.9028974158183242,0.9044635865309318,0.8887147335423198,0.8871473354231975,0.8934169278996865,0.8953279998428918,0.007142349190929635,8,0.9394711067580803,0.9449559255631733,0.9502546024285154,0.9392871132001567,0.9498629063846455,0.9447663308669142,0.00477898268448741
4.727100563049317,0.13176541401701508,0.016062593460083006,0.0004891129019933179,10,balanced,0.4,elasticnet,saga,CountVectorizer(),5000,"{'classifier__C': 10, 'classifier__class_weight': 'balanced', 'classifier__l1_ratio': 0.4, 'classifier__penalty': 'elasticnet', 'classifier__solver': 'saga', 'vectorization': CountVectorizer(), 'vectorization__max_features': 5000}",0.9052466718872357,0.9083790133124511,0.8910658307210031,0.8887147335423198,0.8926332288401254,0.897207895660627,0.008002526273888632,2,0.941234084231146,0.9465230166503428,0.954171562867215,0.9422248335291814,0.9522130826478653,0.9472733159851501,0.005186705102598359
2.270816278457642,0.03583857034860993,0.021715354919433594,0.005851935042205241,10,balanced,0.4,elasticnet,saga,TfidfVectorizer(),1000,"{'classifier__C': 10, 'classifier__class_weight': 'balanced', 'classifier__l1_ratio': 0.4, 'classifier__penalty': 'elasticnet', 'classifier__solver': 'saga', 'vectorization': TfidfVectorizer(), 'vectorization__max_features': 1000}",0.8825371965544244,0.8888018794048551,0.8636363636363636,0.8730407523510971,0.8730407523510971,0.8762113888595675,0.008680707647020388,60,0.9247796278158668,0.9281096963761019,0.9326282804543674,0.9224441833137486,0.9204857030943987,0.9256894982108967,0.004299848246463097
2.9317018508911135,0.022073041728134863,0.022304248809814454,0.005770620880962086,10,balanced,0.4,elasticnet,saga,TfidfVectorizer(),1500,"{'classifier__C': 10, 'classifier__class_weight': 'balanced', 'classifier__l1_ratio': 0.4, 'classifier__penalty': 'elasticnet', 'classifier__solver': 'saga', 'vectorization': TfidfVectorizer(), 'vectorization__max_features': 1500}",0.8872357086922474,0.8903680501174628,0.8714733542319749,0.8769592476489029,0.8855799373040752,0.8823232595989327,0.007013555887402836,35,0.9339862879529872,0.933790401567091,0.9408538973756365,0.9347826086956522,0.9388954171562868,0.9364617225495306,0.002873925006304261
3.9564228534698485,0.350209159508547,0.02008228302001953,0.006091567833350388,10,balanced,0.4,elasticnet,saga,TfidfVectorizer(),2000,"{'classifier__C': 10, 'classifier__class_weight': 'balanced', 'classifier__l1_ratio': 0.4, 'classifier__penalty': 'elasticnet', 'classifier__solver': 'saga', 'vectorization': TfidfVectorizer(), 'vectorization__max_features': 2000}",0.8864526233359437,0.8966327329678935,0.872257053291536,0.8832288401253918,0.8769592476489029,0.8831060994739335,0.008362651389758146,30,0.9414299706170421,0.9463271302644466,0.945358401880141,0.9410497453975715,0.9428123775949863,0.9433955251508375,0.0021049152925774316
4.136260604858398,0.11354853518382894,0.027917194366455077,0.007274793613046287,10,balanced,0.4,elasticnet,saga,TfidfVectorizer(),5000,"{'classifier__C': 10, 'classifier__class_weight': 'balanced', 'classifier__l1_ratio': 0.4, 'classifier__penalty': 'elasticnet', 'classifier__solver': 'saga', 'vectorization': TfidfVectorizer(), 'vectorization__max_features': 5000}",0.8919342208300705,0.8919342208300705,0.8706896551724138,0.8832288401253918,0.8840125391849529,0.8843598952285798,0.0077848085614932155,27,0.9439764936336924,0.9392752203721841,0.9486878182530356,0.9430082256169212,0.9520172346259302,0.9453929985003526,0.004468941226250265
2.5415249824523927,0.1253900969444464,0.028138065338134767,0.006240955563621347,10,balanced,0.5,elasticnet,saga,CountVectorizer(),1000,"{'classifier__C': 10, 'classifier__class_weight': 'balanced', 'classifier__l1_ratio': 0.5, 'classifier__penalty': 'elasticnet', 'classifier__solver': 'saga', 'vectorization': CountVectorizer(), 'vectorization__max_features': 1000}",0.8997650743931088,0.9005481597494127,0.8761755485893417,0.8855799373040752,0.890282131661442,0.8904701703394761,0.009124111579517338,23,0.9275220372184133,0.9312438785504408,0.9392871132001567,0.927144535840188,0.9381120250685469,0.9326619179755491,0.005147185536303232
3.255017900466919,0.1725126172618071,0.019066476821899415,0.004410264220078657,10,balanced,0.5,elasticnet,saga,CountVectorizer(),1500,"{'classifier__C': 10, 'classifier__class_weight': 'balanced', 'classifier__l1_ratio': 0.5, 'classifier__penalty': 'elasticnet', 'classifier__solver': 'saga', 'vectorization': CountVectorizer(), 'vectorization__max_features': 1500}",0.9005481597494127,0.9021143304620204,0.8808777429467085,0.8879310344827587,0.890282131661442,0.8923506798604685,0.007974559397764288,17,0.9361410381978452,0.9379040156709109,0.945162553858206,0.9353701527614571,0.9447708578143361,0.9398697236605511,0.0042437815436449896
4.072460556030274,0.17269895905324928,0.01675891876220703,0.0076799353338767,10,balanced,0.5,elasticnet,saga,CountVectorizer(),2000,"{'classifier__C': 10, 'classifier__class_weight': 'balanced', 'classifier__l1_ratio': 0.5, 'classifier__penalty': 'elasticnet', 'classifier__solver': 'saga', 'vectorization': CountVectorizer(), 'vectorization__max_features': 2000}",0.9021143304620204,0.9044635865309318,0.8887147335423198,0.8879310344827587,0.8926332288401254,0.8951713827716313,0.006857153364631811,10,0.9382957884427032,0.944564152791381,0.9504504504504504,0.9392871132001567,0.9496670583627105,0.9444529126494803,0.00505501359069082
4.556541919708252,0.2141522015525432,0.024253034591674806,0.0076800291813938085,10,balanced,0.5,elasticnet,saga,CountVectorizer(),5000,"{'classifier__C': 10, 'classifier__class_weight': 'balanced', 'classifier__l1_ratio': 0.5, 'classifier__penalty': 'elasticnet', 'classifier__solver': 'saga', 'vectorization': CountVectorizer(), 'vectorization__max_features': 5000}",0.9036805011746281,0.9068128425998434,0.8910658307210031,0.8887147335423198,0.8918495297805643,0.8964246875636717,0.007343751120842591,5,0.941234084231146,0.9465230166503428,0.954563258911085,0.9422248335291814,0.9522130826478653,0.947351655193924,0.005292188994469329
2.2942097663879393,0.06993341390478636,0.01867232322692871,0.006907077532261336,10,balanced,0.5,elasticnet,saga,TfidfVectorizer(),1000,"{'classifier__C': 10, 'classifier__class_weight': 'balanced', 'classifier__l1_ratio': 0.5, 'classifier__penalty': 'elasticnet', 'classifier__solver': 'saga', 'vectorization': TfidfVectorizer(), 'vectorization__max_features': 1000}",0.8825371965544244,0.8856695379796398,0.8644200626959248,0.8691222570532915,0.8824451410658307,0.8768388390698222,0.008433917096715416,58,0.9249755142017629,0.9238001958863858,0.9341950646298472,0.917743830787309,0.9302781041911476,0.9261985419392905,0.005644771113287971
2.7647931575775146,0.039701276606529445,0.02178964614868164,0.006121711097207531,10,balanced,0.5,elasticnet,saga,TfidfVectorizer(),1500,"{'classifier__C': 10, 'classifier__class_weight': 'balanced', 'classifier__l1_ratio': 0.5, 'classifier__penalty': 'elasticnet', 'classifier__solver': 'saga', 'vectorization': TfidfVectorizer(), 'vectorization__max_features': 1500}",0.8841033672670321,0.8911511354737667,0.8683385579937304,0.8753918495297806,0.8855799373040752,0.880912969513677,0.008066943155336025,41,0.9332027424094026,0.933790401567091,0.9410497453975715,0.9373286329808069,0.9381120250685469,0.9366967094846839,0.0028984754199675162
3.5693944931030273,0.1536895221182199,0.026426124572753906,0.005989906880777637,10,balanced,0.5,elasticnet,saga,TfidfVectorizer(),2000,"{'classifier__C': 10, 'classifier__class_weight': 'balanced', 'classifier__l1_ratio': 0.5, 'classifier__penalty': 'elasticnet', 'classifier__solver': 'saga', 'vectorization': TfidfVectorizer(), 'vectorization__max_features': 2000}",0.8888018794048551,0.8856695379796398,0.8730407523510971,0.8832288401253918,0.8785266457680251,0.8818535311258018,0.005540147342365346,36,0.9420176297747307,0.9371204701273261,0.9473168820994908,0.9416372894633764,0.9422248335291814,0.9420634209988211,0.0032323785601604373
4.077727556228638,0.12496609196643947,0.02401270866394043,0.0072570930464473694,10,balanced,0.5,elasticnet,saga,TfidfVectorizer(),5000,"{'classifier__C': 10, 'classifier__class_weight': 'balanced', 'classifier__l1_ratio': 0.5, 'classifier__penalty': 'elasticnet', 'classifier__solver': 'saga', 'vectorization': TfidfVectorizer(), 'vectorization__max_features': 5000}",0.8903680501174628,0.8958496476115897,0.8714733542319749,0.8840125391849529,0.8840125391849529,0.8851432260661867,0.008140620987187984,26,0.9431929480901078,0.9424094025465231,0.9488836662749707,0.9441833137485312,0.9526047786917352,0.9462548218703736,0.0038906616727266293
2.4606697082519533,0.2880850674395918,0.01855168342590332,0.0025681574737878706,10,balanced,0.6,elasticnet,saga,CountVectorizer(),1000,"{'classifier__C': 10, 'classifier__class_weight': 'balanced', 'classifier__l1_ratio': 0.6, 'classifier__penalty': 'elasticnet', 'classifier__solver': 'saga', 'vectorization': CountVectorizer(), 'vectorization__max_features': 1000}",0.898981989036805,0.9013312451057165,0.8753918495297806,0.8863636363636364,0.890282131661442,0.8904701703394761,0.009323826906301116,23,0.9275220372184133,0.9312438785504408,0.9394829612220916,0.9279279279279279,0.9381120250685469,0.932857765997484,0.005037427673675953
2.8784762382507325,0.0738597455884796,0.024359941482543945,0.006294757445105622,10,balanced,0.6,elasticnet,saga,CountVectorizer(),1500,"{'classifier__C': 10, 'classifier__class_weight': 'balanced', 'classifier__l1_ratio': 0.6, 'classifier__penalty': 'elasticnet', 'classifier__solver': 'saga', 'vectorization': CountVectorizer(), 'vectorization__max_features': 1500}",0.9005481597494127,0.9013312451057165,0.8808777429467085,0.8871473354231975,0.890282131661442,0.8920373229772954,0.007878327644676036,20,0.9357492654260529,0.938099902056807,0.9449667058362711,0.9349784567175872,0.9447708578143361,0.9397130375702109,0.004333878805807329
3.525178909301758,0.07600649062312248,0.027120685577392577,0.0055345772205095045,10,balanced,0.6,elasticnet,saga,CountVectorizer(),2000,"{'classifier__C': 10, 'classifier__class_weight': 'balanced', 'classifier__l1_ratio': 0.6, 'classifier__penalty': 'elasticnet', 'classifier__solver': 'saga', 'vectorization': CountVectorizer(), 'vectorization__max_features': 2000}",0.9028974158183242,0.9044635865309318,0.8879310344827587,0.8887147335423198,0.8918495297805643,0.8951712600309797,0.007087768438322933,11,0.938099902056807,0.944564152791381,0.9502546024285154,0.9390912651782217,0.9494712103407755,0.9442962265591403,0.005056491766470735
4.124733543395996,0.20812775807755882,0.01735539436340332,0.0034339728122679248,10,balanced,0.6,elasticnet,saga,CountVectorizer(),5000,"{'classifier__C': 10, 'classifier__class_weight': 'balanced', 'classifier__l1_ratio': 0.6, 'classifier__penalty': 'elasticnet', 'classifier__solver': 'saga', 'vectorization': CountVectorizer(), 'vectorization__max_features': 5000}",0.9044635865309318,0.9060297572435395,0.890282131661442,0.8879310344827587,0.8918495297805643,0.8961112079398472,0.0075788537022351225,7,0.9414299706170421,0.9463271302644466,0.954171562867215,0.9416372894633764,0.9518213866039953,0.947077467963215,0.0051939141622601055
2.133095407485962,0.07982508895985596,0.022307109832763673,0.007595657171935738,10,balanced,0.6,elasticnet,saga,TfidfVectorizer(),1000,"{'classifier__C': 10, 'classifier__class_weight': 'balanced', 'classifier__l1_ratio': 0.6, 'classifier__penalty': 'elasticnet', 'classifier__solver': 'saga', 'vectorization': TfidfVectorizer(), 'vectorization__max_features': 1000}",0.8825371965544244,0.8825371965544244,0.8628526645768025,0.8746081504702194,0.8793103448275862,0.8763691105966915,0.0073557694518051235,59,0.9316356513222331,0.9214495592556318,0.9322365844104975,0.9214649432040737,0.9294947121034077,0.9272562900591688,0.004821835566819047
2.5912070751190184,0.0189862106641358,0.020151853561401367,0.0032052218000199824,10,balanced,0.6,elasticnet,saga,TfidfVectorizer(),1500,"{'classifier__C': 10, 'classifier__class_weight': 'balanced', 'classifier__l1_ratio': 0.6, 'classifier__penalty': 'elasticnet', 'classifier__solver': 'saga', 'vectorization': TfidfVectorizer(), 'vectorization__max_features': 1500}",0.8880187940485513,0.8981989036805011,0.8730407523510971,0.8730407523510971,0.8894984326018809,0.8843595270066255,0.00987477850007531,28,0.9351616062683643,0.9418217433888345,0.945554249902076,0.9334116725421073,0.9416372894633764,0.9395173123129517,0.004527699930758915
3.042161703109741,0.057196525996828486,0.019649457931518555,0.006179993001620319,10,balanced,0.6,elasticnet,saga,TfidfVectorizer(),2000,"{'classifier__C': 10, 'classifier__class_weight': 'balanced', 'classifier__l1_ratio': 0.6, 'classifier__penalty': 'elasticnet', 'classifier__solver': 'saga', 'vectorization': TfidfVectorizer(), 'vectorization__max_features': 2000}",0.880187940485513,0.8888018794048551,0.8612852664576802,0.8840125391849529,0.9028213166144201,0.8834217884294843,0.01346194218297913,29,0.9392752203721841,0.93692458374143,0.9369369369369369,0.9388954171562868,0.9614179396788093,0.9426900195771294,0.009414170836751548
3.2035656452178953,0.06226749920773368,0.02204165458679199,0.005415014862217774,10,balanced,0.6,elasticnet,saga,TfidfVectorizer(),5000,"{'classifier__C': 10, 'classifier__class_weight': 'balanced', 'classifier__l1_ratio': 0.6, 'classifier__penalty': 'elasticnet', 'classifier__solver': 'saga', 'vectorization': TfidfVectorizer(), 'vectorization__max_features': 5000}",0.8919342208300705,0.8966327329678935,0.8746081504702194,0.8832288401253918,0.8847962382445141,0.8862400365276178,0.007574754183171713,25,0.9447600391772771,0.9429970617042116,0.9502546024285154,0.9437916177046611,0.9526047786917352,0.9468816199412802,0.00382806918432208
